{"minlat": -38.7249999, "minlon": -62.3009999, "maxlat": -38.6799999, "maxlon": -62.2309999, "name": "Bah\u00eda Blanca", "place": "city"}